[{"Customer":{"Name":"Ali","Surname":"Toplu","Email":"ali.toplu@bilgeadam.com","City":"Samsun","CustomerType":1,"CommissionRatio":0.02,"University":"(Not applicable)","Id":"963929bc-2a65-4275-a2b1-0ccbd0df410e"},"Balance":120.0,"AccountType":1,"Id":"cbb37978-c769-437a-b887-596f994e44fc"},{"Customer":{"Name":"Aykut","Surname":"Terzi","Email":"aykut_terzi@hotmail.com","City":"Ankara","CustomerType":2,"CommissionRatio":0,"University":"Orta Do\u011Fu Teknik \u00DCniversitesi","Id":"09a7b56e-2992-423a-ab3a-56fe57c83b43"},"Balance":14,"AccountType":1,"Id":"37b42d0d-63eb-40d5-836e-9cfc32f2c48c"},{"Customer":{"Name":"Mustafa","Surname":"Terzi","Email":"mustafa.terzi@gmail.com","City":"\u015Eanl\u0131urfa","CustomerType":1,"CommissionRatio":0.02,"University":"(Not applicable)","Id":"c4dcfb52-1c62-4b98-a142-8980cde2484f"},"Balance":0,"AccountType":2,"Id":"71e7b2c2-5aba-4f1b-bd0c-9f1e35c99cad"},{"Customer":{"Name":"Egemen","Surname":"Erg\u00FC","Email":"egemen.ergu@hotmail.com","City":"Adana","CustomerType":2,"CommissionRatio":0,"University":"\u00C7ukurova \u00DCniversitesi","Id":"32f0fff1-e15a-4b3b-b0d5-1bc9ca5c3451"},"Balance":0,"AccountType":1,"Id":"372e9f83-45db-478b-b96c-c59154c4c865"},{"Customer":{"Name":"\u0130lyas","Surname":"\u015Eahin","Email":"ilyas.sahin@gmail.com","City":"Adana","CustomerType":1,"CommissionRatio":0.02,"University":"(Not applicable)","Id":"98448e09-fe76-4554-9157-d771853da3e0"},"Balance":171.50,"AccountType":1,"Id":"b9f43623-f28a-4f5b-8170-46c30e73c2cf"},{"Customer":{"Name":"Ali","Surname":"Toplu","Email":"ali.toplu@bilgeadam.com","City":"Samsun","CustomerType":1,"CommissionRatio":0.02,"University":"(Not applicable)","Id":"963929bc-2a65-4275-a2b1-0ccbd0df410e"},"Balance":143.00,"AccountType":2,"Id":"da518eb9-a435-49cd-92c2-56cda7a87d41"},{"Customer":{"Name":"Mustafa","Surname":"Terzi","Email":"mustafa.terzi@gmail.com","City":"\u015Eanl\u0131urfa","CustomerType":1,"CommissionRatio":0.02,"University":"(Not applicable)","Id":"c4dcfb52-1c62-4b98-a142-8980cde2484f"},"Balance":490.00,"AccountType":3,"Id":"34d3ce68-6cd8-4b61-bfc6-ffccac35813d"},{"Customer":{"Name":"Aykut","Surname":"Terzi","Email":"aykut_terzi@hotmail.com","City":"Ankara","CustomerType":2,"CommissionRatio":0,"University":"Orta Do\u011Fu Teknik \u00DCniversitesi","Id":"09a7b56e-2992-423a-ab3a-56fe57c83b43"},"Balance":26,"AccountType":3,"Id":"a9f502ea-0c98-4c5a-b017-f221fe1fa940"},{"Customer":{"Name":"Mustafa","Surname":"Terzi","Email":"mustafa.terzi@gmail.com","City":"\u015Eanl\u0131urfa","CustomerType":1,"CommissionRatio":0.02,"University":"(Not applicable)","Id":"c4dcfb52-1c62-4b98-a142-8980cde2484f"},"Balance":0,"AccountType":1,"Id":"90d0fd99-06a7-4525-8267-0debb6ecd564"},{"Customer":{"Name":"Egemen","Surname":"Erg\u00FC","Email":"egemen.ergu@hotmail.com","City":"Adana","CustomerType":2,"CommissionRatio":0,"University":"\u00C7ukurova \u00DCniversitesi","Id":"32f0fff1-e15a-4b3b-b0d5-1bc9ca5c3451"},"Balance":0,"AccountType":2,"Id":"37b1772e-234a-4a11-bb32-76f7dd47efa1"},{"Customer":{"Name":"\u0130lyas","Surname":"\u015Eahin","Email":"ilyas.sahin@gmail.com","City":"Adana","CustomerType":1,"CommissionRatio":0.02,"University":"(Not applicable)","Id":"98448e09-fe76-4554-9157-d771853da3e0"},"Balance":0,"AccountType":3,"Id":"0ae20ca7-5f4f-49aa-8297-fb58a437b3a4"}]