[{"Name":"Ali","Surname":"Toplu","Email":"ali.toplu@bilgeadam.com","City":"Samsun","CustomerType":1,"CommissionRatio":0.2,"University":"(Not applicable)","Id":"963929bc-2a65-4275-a2b1-0ccbd0df410e"},{"Name":"Aykut","Surname":"Terzi","Email":"aykut_terzi@hotmail.com","City":"Ankara","CustomerType":2,"CommissionRatio":0,"University":"Orta Do\u011Fu Teknik \u00DCniversitesi","Id":"09a7b56e-2992-423a-ab3a-56fe57c83b43"},{"Name":"Mustafa","Surname":"Terzi","Email":"mustafa.terzi@gmail.com","City":"\u015Eanl\u0131urfa","CustomerType":1,"CommissionRatio":0.2,"University":"(Not applicable)","Id":"c4dcfb52-1c62-4b98-a142-8980cde2484f"},{"Name":"Egemen","Surname":"Erg\u00FC","Email":"egemen.ergu@hotmail.com","City":"Adana","CustomerType":2,"CommissionRatio":0,"University":"\u00C7ukurova \u00DCniversitesi","Id":"32f0fff1-e15a-4b3b-b0d5-1bc9ca5c3451"},{"Name":"\u0130lyas","Surname":"\u015Eahin","Email":"ilyas.sahin@gmail.com","City":"Adana","CustomerType":1,"CommissionRatio":0,"University":null,"Id":"98448e09-fe76-4554-9157-d771853da3e0"}]