[{"DateTime":"2024-02-24T23:43:05.0831774+03:00","Account":{"Customer":{"Name":"Ali","Surname":"Toplu","Email":"ali.toplu@bilgeadam.com","City":"Samsun","CustomerType":1,"CommissionRatio":0.02,"University":"(Not applicable)","Id":"963929bc-2a65-4275-a2b1-0ccbd0df410e"},"Balance":147.00,"AccountType":2,"Id":"da518eb9-a435-49cd-92c2-56cda7a87d41"},"Amount":150,"TransactionType":1,"Id":"d3733571-e9a7-4726-bea1-105671d8a17d"},{"DateTime":"2024-02-24T23:43:18.0469589+03:00","Account":{"Customer":{"Name":"Ali","Surname":"Toplu","Email":"ali.toplu@bilgeadam.com","City":"Samsun","CustomerType":1,"CommissionRatio":0.02,"University":"(Not applicable)","Id":"963929bc-2a65-4275-a2b1-0ccbd0df410e"},"Balance":245.00,"AccountType":2,"Id":"da518eb9-a435-49cd-92c2-56cda7a87d41"},"Amount":100,"TransactionType":1,"Id":"9ae037e2-310d-4ebe-9bdc-41f6c6cd3196"},{"DateTime":"2024-02-24T23:43:31.5793699+03:00","Account":{"Customer":{"Name":"Ali","Surname":"Toplu","Email":"ali.toplu@bilgeadam.com","City":"Samsun","CustomerType":1,"CommissionRatio":0.02,"University":"(Not applicable)","Id":"963929bc-2a65-4275-a2b1-0ccbd0df410e"},"Balance":143.00,"AccountType":2,"Id":"da518eb9-a435-49cd-92c2-56cda7a87d41"},"Amount":100,"TransactionType":2,"Id":"ee7f15a1-a154-4907-bff8-5727981e6266"},{"DateTime":"2024-02-26T12:49:25.5105784+03:00","Account":{"Customer":{"Name":"\u0130lyas","Surname":"\u015Eahin","Email":"ilyas.sahin@gmail.com","City":"Adana","CustomerType":1,"CommissionRatio":0.02,"University":"(Not applicable)","Id":"98448e09-fe76-4554-9157-d771853da3e0"},"Balance":171.50,"AccountType":1,"Id":"b9f43623-f28a-4f5b-8170-46c30e73c2cf"},"Amount":175,"TransactionType":1,"Id":"b2590eee-941a-4714-a47e-8baf5c5d1ecb"},{"DateTime":"2024-02-26T12:50:48.5530121+03:00","Account":{"Customer":{"Name":"Mustafa","Surname":"Terzi","Email":"mustafa.terzi@gmail.com","City":"\u015Eanl\u0131urfa","CustomerType":1,"CommissionRatio":0.02,"University":"(Not applicable)","Id":"c4dcfb52-1c62-4b98-a142-8980cde2484f"},"Balance":490.00,"AccountType":3,"Id":"34d3ce68-6cd8-4b61-bfc6-ffccac35813d"},"Amount":500,"TransactionType":1,"Id":"ebe83a9d-c504-4ce1-9fee-a38be0e825c6"},{"DateTime":"2024-02-26T12:51:43.8645328+03:00","Account":{"Customer":{"Name":"Mustafa","Surname":"Terzi","Email":"mustafa.terzi@gmail.com","City":"\u015Eanl\u0131urfa","CustomerType":1,"CommissionRatio":0.02,"University":"(Not applicable)","Id":"c4dcfb52-1c62-4b98-a142-8980cde2484f"},"Balance":490.00,"AccountType":3,"Id":"34d3ce68-6cd8-4b61-bfc6-ffccac35813d"},"Amount":0,"TransactionType":1,"Id":"c7655cb6-cb47-4706-baf9-9bc317b44310"},{"DateTime":"2024-02-26T12:57:46.6415145+03:00","Account":{"Customer":{"Name":"Aykut","Surname":"Terzi","Email":"aykut_terzi@hotmail.com","City":"Ankara","CustomerType":2,"CommissionRatio":0,"University":"Orta Do\u011Fu Teknik \u00DCniversitesi","Id":"09a7b56e-2992-423a-ab3a-56fe57c83b43"},"Balance":14,"AccountType":1,"Id":"37b42d0d-63eb-40d5-836e-9cfc32f2c48c"},"Amount":14,"TransactionType":1,"Id":"9668cc59-d338-4760-a467-08f3c15ffbf2"}]