[{"Name":"Sibel","Surname":"Duymaz","Email":"sibel.duymaz@gmail.com","FullName":"Sibel Duymaz | sibel.duymaz@gmail.com","Id":"030daf08-846c-4af1-b264-6354b24c439b"},{"Name":"Bahattin","Surname":"Alt\u0131n\u00F6z","Email":"bahattin.altinoz@gmail.com","FullName":"Bahattin Alt\u0131n\u00F6z | bahattin.altinoz@gmail.com","Id":"9776e64e-dbc8-4142-b417-7a5a5cb52177"},{"Name":"Funda","Surname":"Karaku\u015F","Email":"funda.karakus@gmail.com","FullName":"Funda Karaku\u015F | funda.karakus@gmail.com","Id":"7eaae639-d5eb-464e-b3c7-52f08dccc33f"}]