[{"Food":{"Name":"Whooper Menu","Price":80,"Id":"535c61db-0c2d-4514-a8b8-b4c21bdd4178"},"Ekstras":[{"Name":"Mayonnaise","Price":2,"Id":"ed708345-da46-4523-ac21-5aa07cc7bc13"}],"Size":2,"Amount":1,"Extras":"Mayonnaise","PaymentType":2,"DateTime":"2024-02-21T19:04:32.1148893+03:00","Id":"49305c8c-03e9-40a0-aa3b-d2712beaa941"},{"Food":{"Name":"Whooper Menu","Price":80,"Id":"535c61db-0c2d-4514-a8b8-b4c21bdd4178"},"Ekstras":[{"Name":"Mayonnaise","Price":2,"Id":"ed708345-da46-4523-ac21-5aa07cc7bc13"}],"Size":2,"Amount":1,"Extras":"Mayonnaise","PaymentType":2,"DateTime":"2024-02-21T19:18:39.2235808+03:00","Id":"17f7233c-7526-45ad-a74b-5f1712054d6c"},{"Food":{"Name":"Whooper Jr. Menu","Price":40,"Id":"b16464a0-4fcf-4cf0-94cc-b14685b81ee3"},"Ekstras":[{"Name":"Ketchup","Price":2,"Id":"9ebb6a32-da2d-42e3-9e9b-6d2e17a66b8b"},{"Name":"Mayonnaise","Price":2,"Id":"ed708345-da46-4523-ac21-5aa07cc7bc13"}],"Size":3,"Amount":2,"Extras":"Ketchup, Mayonnaise","PaymentType":2,"DateTime":"2024-02-21T19:18:39.2458661+03:00","Id":"02f83f92-2ddf-4d5b-b397-ef72f61e9f11"},{"Food":{"Name":"BigMc Menu","Price":50,"Id":"d19e3961-ec50-4d17-baa4-f6692c8ba5e1"},"Ekstras":[{"Name":"BBQ","Price":4,"Id":"bd1d258b-0349-49e5-b863-394bb38b016c"}],"Size":1,"Amount":1,"Extras":"BBQ","PaymentType":1,"DateTime":"2024-02-21T19:18:39.2541107+03:00","Id":"08558fd0-52be-432f-8121-2740b106db43"},{"Food":{"Name":"McChicken Menu","Price":65,"Id":"cf1a0007-b812-43ae-8c13-df71b6682cd0"},"Ekstras":[{"Name":"Hot Sauce","Price":3,"Id":"da6f7e5e-9222-43d3-9512-7dc78cd260bf"},{"Name":"Mayonnaise","Price":2,"Id":"ed708345-da46-4523-ac21-5aa07cc7bc13"}],"Size":1,"Amount":1,"Extras":"Hot Sauce, Mayonnaise","PaymentType":1,"DateTime":"2024-02-21T19:18:39.2597988+03:00","Id":"f750c957-825e-45de-87f5-ce00247f0be1"},{"Food":{"Name":"BigMc Menu","Price":50,"Id":"d19e3961-ec50-4d17-baa4-f6692c8ba5e1"},"Ekstras":[{"Name":"BBQ","Price":4,"Id":"bd1d258b-0349-49e5-b863-394bb38b016c"},{"Name":"Mayonnaise","Price":2,"Id":"ed708345-da46-4523-ac21-5aa07cc7bc13"}],"Size":2,"Amount":3,"Extras":"BBQ, Mayonnaise","PaymentType":2,"DateTime":"2024-02-23T12:20:43.5309449+03:00","Id":"9780cdc8-446e-4d3f-9cbf-56e2760f90f4"},{"Food":{"Name":"Whooper Jr. Menu","Price":40,"Id":"b16464a0-4fcf-4cf0-94cc-b14685b81ee3"},"Ekstras":[{"Name":"Hot Sauce","Price":3,"Id":"da6f7e5e-9222-43d3-9512-7dc78cd260bf"}],"Size":3,"Amount":2,"Extras":"Hot Sauce","PaymentType":2,"DateTime":"2024-02-23T12:20:43.5690214+03:00","Id":"14cdc4bc-73ce-478e-871d-5e4f7b5814c4"},{"Food":{"Name":"Whooper Menu","Price":80,"Id":"535c61db-0c2d-4514-a8b8-b4c21bdd4178"},"Ekstras":[{"Name":"Hot Sauce","Price":3,"Id":"da6f7e5e-9222-43d3-9512-7dc78cd260bf"},{"Name":"BBQ","Price":4,"Id":"bd1d258b-0349-49e5-b863-394bb38b016c"},{"Name":"Ketchup","Price":2,"Id":"9ebb6a32-da2d-42e3-9e9b-6d2e17a66b8b"}],"Size":2,"Amount":2,"Extras":"Hot Sauce, BBQ, Ketchup","PaymentType":2,"DateTime":"2024-03-07T17:47:44.4537244+03:00","Id":"21ae0a9f-ace4-4fc9-95d9-ab9cc65155e5"}]